label,depth,is_abstract,is_total,section,confidence,FY 2025,FY 2024,FY 2023,FY 2022,FY 2021,FY 2020,FY 2019
Total Revenue,0,False,True,,0.95,416161000000.0,391035000000.0,383285000000.0,394328000000.0,365817000000.0,274515000000.0,260174000000.0
Cost of Revenue,0,False,False,,0.35347432024169184,220960000000.0,210352000000.0,214137000000.0,223546000000.0,212981000000.0,169559000000.0,161782000000.0
Gross Profit,0,False,True,,0.5224,195201000000.0,180683000000.0,169148000000.0,170782000000.0,152836000000.0,104956000000.0,98392000000.0
Operating expenses:,0,True,False,,0.31419939577039274,,,,,,,
Research and Development Expense,1,False,False,,0.6269,34550000000.0,31370000000.0,29915000000.0,26251000000.0,21914000000.0,18752000000.0,16217000000.0
Selling and Marketing Expense,1,False,False,,0.5672,19524000000.0,,,,,,
General and Administrative Expense,1,False,False,,0.6567,8077000000.0,,,,,,
Operating Expenses,1,False,True,,0.6716,62151000000.0,57467000000.0,54847000000.0,51345000000.0,43887000000.0,38668000000.0,34462000000.0
"Selling, General and Administrative Expense",0,False,False,,0.3716012084592145,27601000000.0,26097000000.0,24932000000.0,25094000000.0,21973000000.0,19916000000.0,18245000000.0
Operating Income (Loss),0,False,True,,0.5709969788519638,133050000000.0,123216000000.0,114301000000.0,119437000000.0,108949000000.0,66288000000.0,63930000000.0
Other Nonoperating Income (Expense),0,False,False,,0.4259818731117825,,,-382000000.0,-228000000.0,60000000.0,-87000000.0,422000000.0
"Income (Loss) from Continuing Operations before Income Taxes, Noncontrolling Interest",0,False,True,,0.6827794561933535,132729000000.0,123485000000.0,113736000000.0,119103000000.0,109207000000.0,67091000000.0,65737000000.0
Income Tax Expense (Benefit),0,False,True,,0.8006042296072508,20719000000.0,29749000000.0,16741000000.0,19300000000.0,14527000000.0,9680000000.0,10481000000.0
Net Income (Loss) Attributable to Parent,0,False,True,,0.7764350453172205,112010000000.0,93736000000.0,96995000000.0,99803000000.0,94680000000.0,57411000000.0,55256000000.0
"Earnings Per Share, Basic",0,False,False,,0.8459214501510574,7.49,6.11,6.16,6.15,5.67,3.31,11.97
"Earnings Per Share, Diluted",0,False,False,,0.8368580060422961,7.46,6.08,6.13,6.11,5.61,3.28,11.89
Other income (expense):,0,True,False,,0.2687,,,,,,,
Nonoperating Income (Expense),1,False,True,,0.4179,-321000000.0,269000000.0,-565000000.0,-334000000.0,258000000.0,803000000.0,1807000000.0
"Weighted Average Number of Shares Outstanding, Basic",0,False,False,,0.6918429003021148,14948500000.0,15343783000.0,15744231000.0,16215963000.0,16701272000.0,17352119000.0,4617834000.0
"Weighted Average Number of Shares Outstanding, Diluted",0,False,True,,0.6918429003021148,15004697000.0,15408095000.0,15812547000.0,16325819000.0,16864919000.0,17528214000.0,4648913000.0
Additional Financial Items,0,True,False,Additional,1.0,,,,,,,
"Common Stock, Dividends, Per Share, Declared",1,False,False,Additional,0.5,1.02,0.98,0.94,0.9,0.85,0.795,3.0
Interest Expense,1,False,False,Additional,0.5,,,3933000000.0,2931000000.0,2645000000.0,2873000000.0,3576000000.0
"Interest Expense, Debt",1,False,False,Additional,0.5,,,,,2600000000.0,,
