label,depth,is_abstract,is_total,section,confidence,Q3 2026,Q2 2026,Q1 2026,Q3 2025,Q2 2025,Q1 2025,Q3 2024,Q2 2024
ASSETS,0,True,False,,0.8368580060422961,,,,,,,,
Assets,1,False,True,,0.9003021148036254,383266000000.0,371082000000.0,379297000000.0,331495000000.0,331233000000.0,344085000000.0,331612000000.0,337411000000.0
"Property, Plant and Equipment, Net",1,False,True,,0.540785498489426,51431000000.0,50116000000.0,50159000000.0,48508000000.0,46876000000.0,46069000000.0,44502000000.0,43546000000.0
"Intangible Assets, Net (Excluding Goodwill)",1,False,False,,0.40483383685800606,25417000000.0,25797000000.0,,,,,,
Current assets:,1,True,False,,0.5166163141993958,,,,,,,,
"Cash and Cash Equivalents, at Carrying Value",2,False,False,,0.7280966767371602,39544000000.0,45572000000.0,45317000000.0,36269000000.0,28162000000.0,30299000000.0,25565000000.0,32695000000.0
"Accounts Receivable, after Allowance for Credit Loss, Current",2,False,False,,0.43202416918429004,31398000000.0,30339000000.0,39921000000.0,27557000000.0,26136000000.0,29639000000.0,22795000000.0,21837000000.0
"Inventory, Net",2,False,True,,0.38972809667673713,11092000000.0,6747000000.0,5875000000.0,5925000000.0,6269000000.0,6911000000.0,6165000000.0,6232000000.0
"Assets, Current",2,False,True,,0.5921450151057401,149818000000.0,144114000000.0,158104000000.0,122491000000.0,118674000000.0,133240000000.0,125435000000.0,128416000000.0
"Other Assets, Noncurrent",1,False,False,,0.5438066465256798,77557000000.0,77430000000.0,93146000000.0,82882000000.0,81259000000.0,77183000000.0,70435000000.0,70262000000.0
LIABILITIES AND EQUITY,0,True,False,,0.716012084592145,,,,,,,,
Liabilities,1,False,True,,0.7280966767371602,275746000000.0,264591000000.0,291107000000.0,265665000000.0,264437000000.0,277327000000.0,264904000000.0,263217000000.0
Stockholders’ equity:,1,True,False,,0.5921450151057401,,,,,,,,
Retained Earnings (Accumulated Deficit),2,False,False,,0.8368580060422961,11326000000.0,12359000000.0,-2177000000.0,-17607000000.0,-15552000000.0,-11221000000.0,-4726000000.0,4339000000.0
"Accumulated Other Comprehensive Income (Loss), Net of Tax",2,False,False,,0.7552870090634441,-4508000000.0,-5375000000.0,-4854000000.0,-6369000000.0,-6363000000.0,-6789000000.0,-8416000000.0,-8960000000.0
Stockholders' Equity Attributable to Parent,2,False,True,,0.8157099697885196,107520000000.0,106491000000.0,88190000000.0,65830000000.0,66796000000.0,66758000000.0,66708000000.0,74194000000.0
Liabilities and Equity,1,False,True,,0.8882175226586103,383266000000.0,371082000000.0,379297000000.0,331495000000.0,331233000000.0,344085000000.0,331612000000.0,337411000000.0
Current liabilities:,1,True,False,,0.5105740181268882,,,,,,,,
"Liabilities, Current",2,False,True,,0.5921450151057401,149326000000.0,134641000000.0,162367000000.0,141120000000.0,144571000000.0,144365000000.0,131624000000.0,123822000000.0
"Accounts Payable, Current",2,False,False,,0.4652567975830816,64525000000.0,57349000000.0,70587000000.0,50374000000.0,54126000000.0,61910000000.0,47574000000.0,45753000000.0
"Other Liabilities, Noncurrent",1,False,False,,0.486404833836858,55080000000.0,55546000000.0,52055000000.0,42115000000.0,41300000000.0,49006000000.0,47084000000.0,47564000000.0
"Long-term Debt, Excluding Current Maturities",1,False,False,,0.2687,71340000000.0,74404000000.0,76685000000.0,82430000000.0,78566000000.0,83956000000.0,86196000000.0,91831000000.0
Additional Financial Items,0,True,False,Additional,1.0,,,,,,,,
"Long-term Debt, Current Maturities",1,False,False,Additional,0.5,11007000000.0,8310000000.0,11827000000.0,9345000000.0,13638000000.0,10848000000.0,12114000000.0,10762000000.0
