label,depth,is_abstract,is_total,section,confidence,Q3 2026,Q2 2026,Q1 2026,Q4 2025,Q3 2025,Q2 2025,Q1 2025,Q4 2024
Cash flows from operating activities:,0,True,False,,0.7915407854984894,,,,,,,,
Adjustments to reconcile net income to net cash provided by operating activities:,1,True,False,,0.7794561933534743,,,,,,,,
"Depreciation, Depletion and Amortization",2,False,False,,0.38368580060422963,3320000000.0,3439000000.0,3214000000.0,3127000000.0,2830000000.0,2661000000.0,3080000000.0,2911000000.0
"Share-based Payment Arrangement, Noncash Expense",2,False,False,,0.6676737160120846,3401000000.0,3528000000.0,3594000000.0,3183000000.0,3168000000.0,3226000000.0,3286000000.0,2858000000.0
Changes in operating assets and liabilities:,2,True,False,,0.7129909365558912,,,,,,,,
Increase (Decrease) in Accounts Receivable,3,False,False,,0.4108761329305136,979000000.0,-9448000000.0,153000000.0,12367000000.0,1581000000.0,-3669000000.0,-3597000000.0,10485000000.0
Increase (Decrease) in Inventories,3,False,False,,0.37462235649546827,4377000000.0,873000000.0,211000000.0,-177000000.0,-365000000.0,-643000000.0,-215000000.0,1087000000.0
Increase (Decrease) in Accounts Payable,3,False,False,,0.311178247734139,7094000000.0,-13145000000.0,848000000.0,19381000000.0,-3875000000.0,-7933000000.0,-6671000000.0,21191000000.0
Net Cash Provided by (Used in) Operating Activities,1,False,True,,0.8851963746223565,34369000000.0,28702000000.0,53925000000.0,29728000000.0,27867000000.0,23952000000.0,29935000000.0,26811000000.0
Cash flows from investing activities:,0,True,False,,0.7522658610271903,,,,,,,,
Net Cash Provided by (Used in) Investing Activities,1,False,True,,0.851963746223565,-7757000000.0,-6168000000.0,-4886000000.0,-2587000000.0,5073000000.0,2917000000.0,9792000000.0,1445000000.0
Payments for (Proceeds from) Other Investing Activities,1,False,False,,0.3776435045317221,196000000.0,1430000000.0,154000000.0,505000000.0,340000000.0,32000000.0,603000000.0,191000000.0
"Payments to Acquire Property, Plant, and Equipment",1,False,False,,0.513595166163142,2455000000.0,1971000000.0,2373000000.0,3242000000.0,3462000000.0,3071000000.0,2940000000.0,2908000000.0
Cash flows from financing activities:,0,True,False,,0.7854984894259819,,,,,,,,
"Payment, Tax Withholding, Share-based Payment Arrangement",1,False,False,,0.32326283987915405,3210000000.0,330000000.0,2922000000.0,241000000.0,2514000000.0,284000000.0,2921000000.0,278000000.0
Payments for Repurchase of Common Stock,1,False,False,,0.5861027190332326,25105000000.0,12288000000.0,24701000000.0,20132000000.0,21075000000.0,25898000000.0,23606000000.0,25083000000.0
Net Cash Provided by (Used in) Financing Activities,1,False,True,,0.8942598187311178,-32640000000.0,-22279000000.0,-39656000000.0,-27476000000.0,-24833000000.0,-29006000000.0,-39371000000.0,-24948000000.0
Dividends paid,1,False,False,,0.37462235649546827,4035000000.0,3822000000.0,3921000000.0,3862000000.0,3945000000.0,3758000000.0,3856000000.0,3804000000.0
Proceeds from (Payments for) Other Financing Activities,1,False,False,,0.3504531722054381,-58000000.0,-88000000.0,-38000000.0,-24000000.0,-10000000.0,-42000000.0,-35000000.0,-170000000.0
Repayments of Long-term Debt,1,False,False,,0.30513595166163143,232000000.0,5750000000.0,2164000000.0,1250000000.0,5673000000.0,3000000000.0,1009000000.0,2558000000.0
"Cash, Cash Equivalents, Restricted Cash and Restricted Cash Equivalents, Period Increase (Decrease), Including Exchange Rate Effect",0,False,True,,0.797583081570997,-6028000000.0,255000000.0,9383000000.0,-335000000.0,8107000000.0,-2137000000.0,356000000.0,3308000000.0
"Cash, Cash Equivalents, Restricted Cash and Restricted Cash Equivalents",0,False,False,,0.7885196374622356,39544000000.0,45572000000.0,45317000000.0,,36269000000.0,28162000000.0,30299000000.0,
Supplemental disclosure of cash flow information:,0,True,False,,0.5619335347432024,,,,,,,,
"Income Taxes Paid, Net",1,False,False,,0.37462235649546827,6158000000.0,16963000000.0,3434000000.0,6037000000.0,5649000000.0,13032000000.0,18651000000.0,6872000000.0
Noncash investing and financing activities:,0,True,False,,0.2985,,,,,,,,
"Purchases of property and equipment, accrued but unpaid",1,False,False,,0.2687,2455000000.0,1971000000.0,2373000000.0,3242000000.0,3462000000.0,3071000000.0,2940000000.0,2908000000.0
Additional Financial Items,0,True,False,Additional,1.0,,,,,,,,
"Share-based Payment Arrangement, Expense",1,False,False,Additional,0.5,3401000000.0,3528000000.0,3594000000.0,3183000000.0,3168000000.0,3226000000.0,3286000000.0,2858000000.0
General and Administrative Expense,1,False,False,Additional,0.5,2312000000.0,2276000000.0,2095000000.0,2125000000.0,1881000000.0,1997000000.0,2074000000.0,
Income Tax Expense (Benefit),1,False,False,Additional,0.5,6478000000.0,6255000000.0,8905000000.0,5338000000.0,4597000000.0,4530000000.0,6254000000.0,14874000000.0
Net Income (Loss) Attributable to Parent,1,False,True,Additional,0.5,29789000000.0,29578000000.0,42097000000.0,27466000000.0,23434000000.0,24780000000.0,36330000000.0,14736000000.0
Nonoperating Income (Expense),1,False,False,Additional,0.5,572000000.0,-52000000.0,150000000.0,377000000.0,-171000000.0,-279000000.0,-248000000.0,19000000.0
Operating Expenses,1,False,False,Additional,0.5,19075000000.0,18896000000.0,18379000000.0,15914000000.0,15516000000.0,15278000000.0,15443000000.0,14288000000.0
Proceeds from Issuance of Long-term Debt,1,False,False,Additional,0.5,,,,0.0,,,,0.0
"Proceeds from Maturities, Prepayments and Calls of Debt Securities, Available-for-sale",1,False,False,Additional,0.5,7813000000.0,11181000000.0,7510000000.0,5871000000.0,8449000000.0,10620000000.0,15967000000.0,11373000000.0
