key,statement,label,concepts,sum_concepts,neg_concepts,exact_labels,regex_labels,exclude,sign,in_model
revenue,IS,Revenue,Revenues;;RevenueFromContractWithCustomerExcludingAssessedTax;;RevenueFromContractWithCustomerIncludingAssessedTax;;SalesRevenueNet,,,total revenue;;revenues;;revenue;;net sales,^(total )?(net )?(revenue|revenues|sales)$,,as_reported,1
cogs,IS,Cost of revenue,CostOfRevenue;;CostOfGoodsAndServicesSold;;CostOfGoodsSold;;CostOfServices;;CostOfGoodsAndServicesSoldExcludingDepreciationDepletionAndAmortization;;CostOfRevenueExcludingDepreciationAndAmortization,,,cost of revenue;;cost of goods and services sold;;cost of goods sold;;cost of sales,^(total )?cost of (revenue|revenues|sales|goods),depreciation,as_reported,1
gross_profit,IS,Gross profit,GrossProfit,,,gross profit;;gross profit (calculated),^gross (profit|margin)$,,as_reported,1
sga,IS,SG&A,SellingGeneralAndAdministrativeExpense;;GeneralAndAdministrativeExpense;;SellingAndMarketingExpense,,,"selling, general and administrative expense;;general and administrative expense","selling,? general;;^general and administrative;;^sg&a",,as_reported,1
rnd,IS,R&D,ResearchAndDevelopmentExpense;;ResearchAndDevelopmentExpenseExcludingAcquiredInProcessCost,,,research and development expense,research and development,,as_reported,1
operating_income,IS,Operating income (EBIT),OperatingIncomeLoss,,,operating income (loss);;operating income,^(total )?operating (income|profit);;^income \(loss\) from operations;;^income from operations,,as_reported,1
interest_expense,IS,Interest expense,InterestExpenseNonoperating;;InterestExpense;;InterestExpenseDebt;;InterestExpenseOperating;;InterestAndDebtExpense,,InterestIncomeExpenseNonoperatingNet;;InterestIncomeExpenseNet,interest expense (non-operating);;interest expense;;interestexpensenonoperating;;interestexpenseoperating,^interest expense,income|net$,as_reported,1
other_nonoperating,IS,Other non-operating income/(expense) (memo),OtherNonoperatingIncomeExpense,,,other nonoperating income (expense),,,as_reported,0
nonoperating_total,IS,Total non-operating income/(expense) (memo),NonoperatingIncomeExpense,,,nonoperating income (expense),,,as_reported,0
pretax_income,IS,Pre-tax income,IncomeLossFromContinuingOperationsBeforeIncomeTaxesExtraordinaryItemsNoncontrollingInterest;;IncomeLossFromContinuingOperationsBeforeIncomeTaxesMinorityInterestAndIncomeLossFromEquityMethodInvestments;;IncomeLossBeforeIncomeTaxes,,,"income (loss) from continuing operations before income taxes, noncontrolling interest",before (income )?tax,domestic|foreign|transaction,as_reported,1
income_tax,IS,Income tax expense,IncomeTaxExpenseBenefit,,,income tax expense (benefit),^(provision for )?income tax,current|deferred|paid,as_reported,1
net_income,IS,Net income (to parent),NetIncomeLoss;;NetIncomeLossAvailableToCommonStockholdersBasic;;ProfitLoss,,,net income (loss) attributable to parent;;net income (loss);;net income,^net (income|earnings|loss)( \(loss\))?( attributable to parent)?$,noncontrolling|per share,as_reported,1
shares_diluted,IS,Diluted shares,WeightedAverageNumberOfDilutedSharesOutstanding;;WeightedAverageNumberOfShareOutstandingBasicAndDiluted,,,"weighted average number of shares outstanding, diluted",diluted.*shares|shares.*diluted,,as_reported,1
eps_diluted,IS,Diluted EPS,EarningsPerShareDiluted;;EarningsPerShareBasicAndDiluted,,,"earnings per share, diluted","diluted.*(eps|per share)|per share, diluted",,as_reported,1
cash,BS,Cash & equivalents,CashAndCashEquivalentsAtCarryingValue;;CashCashEquivalentsRestrictedCashAndRestrictedCashEquivalents;;Cash,,,"cash and cash equivalents, at carrying value;;cash and cash equivalents",^cash and cash equivalents;;^cash$,,as_reported,1
short_term_investments,BS,Short-term investments (memo),ShortTermInvestments;;MarketableSecuritiesCurrent;;AvailableForSaleSecuritiesDebtSecuritiesCurrent,,,short-term investments,,,as_reported,0
receivables,BS,Accounts receivable,AccountsReceivableNetCurrent;;ReceivablesNetCurrent;;AccountsAndOtherReceivablesNetCurrent;;AccountsAndNotesReceivableNet;;AccountsReceivableNet,,,"accounts receivable, after allowance for credit loss, current;;accounts receivable, after allowance for credit loss;;receivables, net, current",^(accounts |trade )?receivable,,as_reported,1
inventory,BS,Inventory,InventoryNet,,,"inventory, net;;inventories",^inventor,,as_reported,1
total_current_assets,BS,Total current assets,AssetsCurrent,,,"assets, current;;total current assets",^total current assets,,as_reported,1
ppe_net,BS,"PP&E, net",PropertyPlantAndEquipmentNet;;PropertyPlantAndEquipmentAndFinanceLeaseRightOfUseAssetAfterAccumulatedDepreciationAndAmortization,,,"property, plant and equipment, net","property,? plant,? and equipment;;^property and equipment",,as_reported,1
goodwill,BS,Goodwill,Goodwill,,,goodwill,^goodwill$,,as_reported,1
intangibles,BS,"Intangibles, net",IntangibleAssetsNetExcludingGoodwill;;FiniteLivedIntangibleAssetsNet,,,"intangible assets, net (excluding goodwill)",^(other )?intangible,including goodwill,as_reported,1
total_assets,BS,Total assets,Assets,,,assets;;total assets,^total assets$,,as_reported,1
payables,BS,Accounts payable,AccountsPayableCurrent;;AccountsPayableTradeCurrent;;AccountsPayableAndAccruedLiabilitiesCurrent,,,"accounts payable, current;;accounts payable",^accounts payable,,as_reported,1
short_term_debt,BS,Short-term debt,DebtCurrent,LongTermDebtCurrent;;ShortTermBorrowings;;CommercialPaper;;LongTermDebtAndCapitalLeaseObligationsCurrent;;LongTermDebtAndFinanceLeaseObligationsCurrent;;ConvertibleNotesPayableCurrent;;NotesPayableCurrent,,"long-term debt, current maturities;;debt, current;;short-term borrowings",short-?term (debt|borrowings);;current (portion|maturities) of,,as_reported,1
total_current_liabilities,BS,Total current liabilities,LiabilitiesCurrent,,,"liabilities, current;;total current liabilities",^total current liabilities,,as_reported,1
long_term_debt,BS,Long-term debt,LongTermDebtNoncurrent;;LongTermDebtAndCapitalLeaseObligations;;LongTermDebtAndCapitalLeaseObligationsNoncurrent;;LongTermDebtAndFinanceLeaseObligationsNoncurrent,ConvertibleNotesPayableNoncurrent;;SeniorNotesNoncurrent;;NotesPayableNoncurrent;;LongTermNotesPayable,,"long-term debt, excluding current maturities;;long-term debt, noncurrent",^long[- ]?term debt,current maturities|current$,as_reported,1
total_liabilities,BS,Total liabilities,Liabilities,,,liabilities;;total liabilities,^total liabilities$,,as_reported,1
total_equity,BS,Total equity,StockholdersEquityIncludingPortionAttributableToNoncontrollingInterest;;StockholdersEquity,,,"stockholders' equity, including portion attributable to noncontrolling interest;;stockholders' equity attributable to parent;;total equity","^total (stockholders|shareholders).{0,3} equity;;^stockholders'? equity attributable to parent",,as_reported,1
total_liabilities_and_equity,BS,Total liabilities & equity,LiabilitiesAndStockholdersEquity,,,liabilities and equity;;total liabilities and equity,^(total )?liabilities and,,as_reported,1
cf_net_income,CF,"Net income (CF, incl. NCI)",ProfitLoss;;NetIncomeLoss,,,"net income (loss), including portion attributable to noncontrolling interest;;net income (loss) attributable to parent;;net income (loss)",^net (income|earnings|loss),per share|available to common,as_reported,1
d_and_a,CF,D&A,DepreciationDepletionAndAmortization;;DepreciationAndAmortization;;DepreciationAmortizationAndAccretionNet,Depreciation;;AmortizationOfIntangibleAssets,,"depreciation, depletion and amortization;;depreciation and amortization","^depreciation,? (depletion )?and amortization;;^depreciation$","debt|nonproduction|cost,",as_reported,1
sbc,CF,Stock-based comp,ShareBasedCompensation;;AllocatedShareBasedCompensationExpense;;StockOptionPlanExpense,,,"share-based payment arrangement, noncash expense;;share-based payment arrangement, expense",(stock|share)-?based (compensation|payment),tax withholding,as_reported,1
cfo,CF,Cash from operations,NetCashProvidedByUsedInOperatingActivities;;NetCashProvidedByUsedInOperatingActivitiesContinuingOperations,,,net cash provided by (used in) operating activities,^net cash .*operating activities,paid,as_reported,1
capex,CF,Capex,PaymentsToAcquirePropertyPlantAndEquipment;;PaymentsToAcquireProductiveAssets;;PaymentsToAcquireMachineryAndEquipment;;PaymentsToAcquireOtherPropertyPlantAndEquipment;;PaymentsForCapitalImprovements,,,"payments to acquire property, plant, and equipment;;payments to acquire productive assets",payments to acquire property;;capital expenditure;;purchases? of property,,abs,1
cfi,CF,Cash from investing,NetCashProvidedByUsedInInvestingActivities;;NetCashProvidedByUsedInInvestingActivitiesContinuingOperations,,,net cash provided by (used in) investing activities,^net cash .*investing activities,,as_reported,1
dividends,CF,Dividends paid,PaymentsOfDividendsCommonStock;;PaymentsOfDividends;;PaymentsOfOrdinaryDividends,,,"dividends paid;;payments of ordinary dividends, common stock;;payments of dividends",dividends? paid;;payments? of (ordinary )?dividends,payable|per share|minority|noncontrolling,abs,1
buybacks,CF,Buybacks,PaymentsForRepurchaseOfCommonStock,,,payments for repurchase of common stock,repurchase of common;;treasury stock,,abs,1
cff,CF,Cash from financing,NetCashProvidedByUsedInFinancingActivities;;NetCashProvidedByUsedInFinancingActivitiesContinuingOperations,,,net cash provided by (used in) financing activities,^net cash .*financing activities,,as_reported,1
net_change_cash,CF,Net change in cash,CashCashEquivalentsRestrictedCashAndRestrictedCashEquivalentsPeriodIncreaseDecreaseIncludingExchangeRateEffect;;CashAndCashEquivalentsPeriodIncreaseDecrease;;CashCashEquivalentsRestrictedCashAndRestrictedCashEquivalentsPeriodIncreaseDecreaseExcludingExchangeRateEffect,,,"cash, cash equivalents, restricted cash and restricted cash equivalents, period increase (decrease), including exchange rate effect",period increase \(decrease\);;net (increase|decrease|change) in cash,,as_reported,1
fx_effect,CF,FX effect on cash (memo),EffectOfExchangeRateOnCashCashEquivalentsRestrictedCashAndRestrictedCashEquivalents;;EffectOfExchangeRateOnCashAndCashEquivalents,,,"effect of exchange rate on cash, cash equivalents, restricted cash and restricted cash equivalents",,,as_reported,0
